building_id,building_name,state,address,zipcode,leasing_office
1,"Perez, Roberts and Barton",New York,"9413 Boyer Inlet, Christopherchester, HI 45136",10006,hornkaren@yahoo.com
2,Combs Group,New Jersey,"305 Bennett Islands Apt. 168, Lake Rebeccaberg, VT 34736",7003,stacy29@gmail.com
3,Evans-Snyder,New Jersey,"899 Jennifer Gardens Apt. 053, New Lisaview, IL 23728",7002,kpatterson@harris.info
4,"Chapman, Thornton and Dorsey",Connecticut,"16649 Morris Mall, North Amanda, MO 53592",6001,mary66@davis-page.com
5,Castillo Ltd,New Jersey,"177 Davidson Trace, Elizabethshire, AL 17452",7004,carolynlong@hotmail.com
6,Bishop-Mclaughlin,New York,"57763 Mary Plains Suite 974, Autumnland, IA 30045",10002,tedwards@melendez.net
7,Payne Group,New Jersey,"6626 Michael Estates, Georgemouth, TX 95864",7009,rwinters@morris.net
8,"Price, May and Morgan",New Jersey,"6491 Tina Plaza Suite 140, West Robin, AK 94772",7009,cvalencia@hotmail.com
9,Cooper Ltd,Connecticut,"56007 Garcia Haven, New Scott, AL 65617",6021,thomasrandall@guzman-lewis.info
10,"Garrett, Cole and Miller",Connecticut,"08263 Victoria Squares Suite 119, South Elizabeth, FL 10453",6001,michael99@cooley.com
11,Willis PLC,New Jersey,"252 Tyler Circles, Hillfurt, AZ 60204",7002,eddie14@romero.info
12,Wood-Rivera,New Jersey,"207 Thomas Village Apt. 346, Walkerville, DE 66502",7006,johnsonjason@morales.com
13,Moore and Sons,New Jersey,"57359 Amanda Place Apt. 725, Tanyaport, NJ 40766",7010,noah03@yahoo.com
14,Gutierrez-Clark,Connecticut,"USCGC Forbes, FPO AP 58860",6022,brayjames@perez-patterson.com
15,"Jenkins, Pena and Andrade",New Jersey,"334 Adams Loop Suite 311, Francesmouth, WY 04821",7006,david38@oliver.com
16,"Watson, Hamilton and Johnston",New York,"863 Strickland Road, New Timothyland, MT 44230",10007,linda69@yahoo.com
17,Baldwin-Buchanan,Connecticut,"0651 Rodgers Knoll, Christineton, NJ 59656",6018,robert87@gmail.com
18,"Baker, Potts and Hughes",New Jersey,"PSC 6358, Box 8261, APO AP 55814",7009,jeremiahwilliams@hotmail.com
19,Fisher-Conner,New York,"PSC 9482, Box 4702, APO AE 38515",10011,alexcollier@gmail.com
20,Lucas Ltd,Connecticut,"31853 Mcguire Inlet, South Keithland, DE 43514",6020,chelsea73@yahoo.com
21,"Bullock, Sims and Ramirez",New Jersey,"70787 Newman Center Suite 086, Christopherport, AL 18275",7006,frances97@gmail.com
22,Martin Group,New York,"097 Sara Stream Apt. 189, Johnview, WY 13190",10004,andrew32@gmail.com
23,Jones-Thompson,Connecticut,"938 Brown Crossroad Suite 670, East Anthonyhaven, MS 90392",6022,susan05@yahoo.com
24,Garcia-Stone,New Jersey,"31312 Emily Village, Joannamouth, OR 37743",7007,raymond67@bates-avila.com
25,Miller PLC,New Jersey,"60387 Michael Trace, South Dustinbury, MI 67750",7009,hunter65@green.com
26,"Robinson, Clark and Ibarra",New Jersey,"61532 Tanya Rue, Lake Dwayne, DC 36093",7006,juliejohnson@yahoo.com
27,Mccarty LLC,New Jersey,"6054 Harris Trail Apt. 330, Lake Kristen, KY 75531",7001,charles34@powell.org
28,Caldwell-Glass,New Jersey,"9485 Benjamin Lake, Port Samanthashire, HI 52385",7001,chrisvincent@torres.com
29,Williams-Waters,Connecticut,"3776 Salinas Union, Douglasmouth, MT 92662",6010,shawnwilkins@taylor-wilson.net
30,"Faulkner, Campbell and Duffy",New York,"889 Melissa Streets, North Russellstad, OK 55492",10005,langdebra@hotmail.com
31,"Cowan, Boyd and Harrell",Connecticut,"48634 Melissa Mountain, Robinsonmouth, DE 01085",6002,crystalnelson@snyder-moore.com
32,"Hughes, Wilkerson and Wood",New Jersey,"912 Kathryn Pass, Marissaview, NV 08113",7009,swilson@koch-moreno.com
33,Henry-Ruiz,Connecticut,"50640 Alexander Coves, Michaelville, NH 18841",6001,rodriguezwilliam@hotmail.com
34,"Todd, Compton and Atkinson",Connecticut,"750 Gonzalez Forks Suite 985, Catherinemouth, FL 06033",6020,dickersondonna@hotmail.com
35,"Davis, Parker and Cruz",New York,"300 Ortiz Estates Apt. 236, West Angeltown, WI 15291",10006,watkinsbryan@hotmail.com
36,Wang-Reilly,Connecticut,"3004 Pittman Extension, Cowanbury, DE 06029",6018,elizabethtanner@gomez.net
37,Johns-Stark,New York,"13613 Daniel Meadow Apt. 629, Port Howard, OR 60893",10005,contreraswilliam@hotmail.com
38,Cook Ltd,Connecticut,"96217 Michael Prairie, North Douglasside, IN 18336",6020,lauren39@thomas.com
39,Bryant LLC,Connecticut,"USNS Murphy, FPO AP 53906",6018,william45@yahoo.com
40,Taylor Inc,New York,"9040 Parker Walks, Port Angelahaven, MI 82005",10009,kiara72@white.com
41,Jackson and Sons,New York,"1683 Woodard Tunnel, North Bonniestad, RI 97509",10004,ramirezpaula@gmail.com
42,Santos-Zhang,New Jersey,"USS Walter, FPO AP 99731",7010,tturner@yahoo.com
43,Larson Ltd,New Jersey,"59935 Lopez Stravenue, Port Lauriefurt, NJ 77623",7006,khunter@harris.biz
44,Ward Group,New York,"333 Robert Extensions, Port Angela, PA 61252",10005,nmcdonald@walls.com
45,Brown-Tate,New Jersey,"48359 Daniel Crossroad, West Susanborough, MA 01907",7002,vrollins@yahoo.com
46,"Mcclure, Wong and Walker",New Jersey,"USCGC Smith, FPO AP 93596",7010,lisa97@jones.com
47,Guerra Group,New Jersey,"196 Dominguez Ridge, South Christopher, SC 54279",7004,nwoods@york-page.com
48,"Eaton, Nelson and Smith",New York,"6149 Elizabeth Islands, Bowmanshire, HI 50869",10006,greendiana@thompson.com
49,"Daniel, Coleman and Ross",New Jersey,"468 Castillo Views, Tylerfort, MS 34353",7004,brianpearson@gonzales.net
50,Mcfarland Ltd,New Jersey,"44698 Fowler Way Apt. 830, South Nathan, OR 95028",7003,morrisjennifer@ramirez-garza.com
51,Williams Group,New Jersey,"01027 Quinn Corner, Lake Cynthia, KS 57406",7001,rburns@lawson-austin.info
52,Mason-Thompson,Connecticut,"11585 Philip Ford Apt. 253, Lake Jessica, MA 95623",6019,joel02@gmail.com
53,Long and Sons,New York,"33565 Joshua Island, Dixonstad, NV 60554",10004,terrynatasha@gmail.com
54,Cook Ltd,Connecticut,"8502 Yoder Locks Suite 624, Maryton, UT 33610",6018,myerserin@stevens.com
55,"Leon, Matthews and Garrison",New Jersey,"8985 Jessica Hill Apt. 384, Kochhaven, GA 07295",7002,destinybaker@gmail.com
56,Johnson-Riley,Connecticut,"73824 Nathan Wells Apt. 361, East Samantha, MD 86200",6013,antonio61@brooks.com
57,"Simon, Daniel and Smith",New York,"921 Daniels Keys, Alexashire, WI 15700",10006,olsonanita@allison.info
58,Jacobson-Ortiz,New Jersey,"716 Mendez Via, Ianside, CA 12376",7004,monica28@clements.net
59,"Tyler, Diaz and Martin",New York,"98590 Phelps Key, Jamesborough, NJ 72447",10005,paige72@yahoo.com
60,Johnson-Smith,New Jersey,"9493 Jose Fall, New Kenneth, WV 54536",7004,chungerik@adams.info
61,Rose PLC,Connecticut,"059 Marshall Island, Ginaview, MD 97980",6001,xjohnson@yahoo.com
62,"Fields, Wagner and Young",New Jersey,"546 Shelton Springs Suite 605, Christophertown, MO 41025",7002,abond@castillo.com
63,Nguyen Inc,Connecticut,"91418 Brown Ville Apt. 120, Bryanland, ID 07151",6001,stephanie84@hotmail.com
64,Baldwin LLC,New Jersey,"PSC 4403, Box 9728, APO AE 78664",7008,smithshawn@yahoo.com
65,Butler-Thomas,New Jersey,"091 Alexis Forge, Lake Catherine, IL 33180",7002,walkervictoria@miller-ruiz.com
66,"Wright, Hendricks and Roach",New York,"906 Church Inlet Apt. 666, North Joseland, MD 63471",10007,deborah65@morgan.com
67,"Taylor, Oliver and Oliver",New York,"84847 Kaitlyn Isle Suite 443, North Rebeccaview, KY 67358",10001,jmerritt@yahoo.com
68,Wells LLC,New York,"PSC 3688, Box 3296, APO AE 78825",10001,nicholas91@hotmail.com
69,Oneill LLC,New York,"508 Davis Street, Conleychester, NM 57314",10011,danielallison@lee-evans.com
70,Pierce-Watson,Connecticut,"USNV Flynn, FPO AP 12093",6011,mary52@gmail.com
71,Gonzalez-Lawrence,New Jersey,"47070 Mercado Meadows, New Davidton, DC 12392",7007,juan55@hughes.com
72,"Newton, Lynn and Foster",New Jersey,"1708 Smith Lake, Nicholasland, WV 18807",7008,ohernandez@edwards.info
73,Blevins-Garcia,New York,"5523 Tiffany Ports, Wrightberg, GA 82162",10007,joshuasmith@taylor.com
74,"Sawyer, Mccarthy and Smith",New York,"055 Dawn Walks Apt. 784, Yatesfort, NE 70643",10004,tracy36@gmail.com
75,Williams and Sons,New Jersey,"852 Welch Hollow, North Courtney, NV 78103",7009,jessicaharris@haney-armstrong.com
76,Weber and Sons,Connecticut,"72726 Charles Port Apt. 938, East Jonathanmouth, OK 30006",6022,michael47@bailey.com
77,"Turner, Willis and Williams",New Jersey,"40884 Sarah Glens Apt. 015, Brownstad, TX 77968",7007,john75@wallace-castillo.biz
78,Watson-Patrick,New Jersey,"80754 Maria Curve, West Ryan, MS 79155",7006,verickson@parks-sherman.net
79,Harmon and Sons,Connecticut,"08141 Crawford Rapids, Brownport, CT 74758",6013,charles38@glass.com
80,"Daniel, Whitehead and Hernandez",Connecticut,"954 Judy Coves Apt. 458, Justinland, WI 06974",6002,qproctor@gmail.com
81,"Rivera, Jones and Peterson",Connecticut,"546 Mark Curve Apt. 537, Jamesstad, GA 72494",6010,fmurray@yahoo.com
82,"Valencia, Lee and Owens",New Jersey,"6215 Sanchez Square, West Jay, MN 94955",7010,kristin42@yahoo.com
83,Garcia-Padilla,Connecticut,"75319 Wagner Ports Suite 680, Colonborough, DC 19833",6018,rachelgomez@yahoo.com
84,Green-Cunningham,Connecticut,"USNS Jones, FPO AA 55917",6019,gary07@alexander-vargas.biz
85,Sweeney Group,New York,"230 Patricia Ferry Apt. 780, North Christianbury, RI 21736",10004,rperez@gmail.com
86,"Gomez, Valdez and Phillips",New Jersey,"892 Johnson Junctions, North Kelly, RI 94075",7006,pwilliams@hotmail.com
87,"Roberts, Hernandez and Meyer",New Jersey,"206 Berger Glens, Lake Adamton, CO 07174",7005,rquinn@gmail.com
88,"Cruz, Hudson and Beck",New York,"01236 Freeman Harbor, New Johntown, DC 04780",10009,melissa77@burke.info
89,"Lopez, Bradley and Green",Connecticut,"USCGC Farrell, FPO AE 08698",6002,virginia69@jordan.com
90,Wallace Inc,New York,"2599 Perry Fords Suite 541, South Louistown, TN 13012",10007,robertdavidson@lucas-rogers.com
91,Heath and Sons,New York,"4308 Baker Route Apt. 656, Kevinstad, DE 62941",10011,michaelaustin@johnson-cummings.org
92,Dennis Inc,New York,"716 Wagner Drives, Bobbyhaven, SD 67022",10006,escobarterri@yahoo.com
93,Schultz-Morris,Connecticut,"7743 Hopkins Union, North Heather, MT 01094",6001,millsrichard@lester-palmer.net
94,"Best, Hill and Marshall",Connecticut,"PSC 4597, Box 7292, APO AP 12213",6018,robert95@yahoo.com
95,"Cruz, Smith and Rogers",New York,"8482 Erin Divide Suite 393, West Judyville, MD 96307",10005,medinajeffrey@gmail.com
96,"Warner, Mosley and Nichols",Connecticut,"805 Watson Drive, Charlesstad, AL 44477",6010,cherylwalters@haynes-clark.net
97,Mcdonald-Banks,New York,"19235 Hanson Curve Apt. 340, Kevintown, ID 56787",10002,knash@yahoo.com
98,Green PLC,New Jersey,"80651 Allen Shoals, New Jennifer, DE 83003",7001,anna38@miller.org
99,Sanders-Houston,Connecticut,"113 Emily Dam Suite 627, South Larrystad, ME 09128",6018,josephaguilar@potter.com
100,Robles-Mccarthy,New York,"23940 Robert Square Suite 672, Terranceland, NJ 60457",10010,allen79@garcia-harper.com