customer_id,first_name,last_name,contact,email,employee_id
12965,John,Johnson,937-706-4986,john.johnson@outlook.com,64
48498,Katie,Johnson,495-938-4438,katie.johnson@hotmail.com,70
65937,Laura,Jones,506-315-9157,laura.jones@yahoo.com,75
10986,Mike,Wilson,283-874-9434,mike.wilson@outlook.com,13
76379,Katie,Davis,495-281-4990,katie.davis@outlook.com,36
43633,Katie,Taylor,361-793-7120,katie.taylor@hotmail.com,85
24864,John,Moore,653-860-6041,john.moore@hotmail.com,33
37283,Jane,Davis,757-399-5779,jane.davis@gmail.com,64
74067,John,Miller,310-564-1724,john.miller@yahoo.com,97
48863,Daniel,Williams,149-434-2974,daniel.williams@gmail.com,55
79398,Chris,Davis,299-697-2670,chris.davis@hotmail.com,12
82961,Katie,Taylor,517-995-8760,katie.taylor@hotmail.com,26
72388,Mike,Brown,730-582-6856,mike.brown@hotmail.com,72
89425,Jane,Smith,420-300-6281,jane.smith@yahoo.com,71
31762,Daniel,Jones,269-482-1724,daniel.jones@yahoo.com,6
89792,Daniel,Williams,178-942-2362,daniel.williams@hotmail.com,72
27077,John,Davis,301-402-7511,john.davis@gmail.com,6
64968,Mike,Jones,260-539-5888,mike.jones@gmail.com,64
14363,Chris,Brown,997-644-5142,chris.brown@yahoo.com,77
71293,Sarah,Brown,501-532-5872,sarah.brown@outlook.com,77
67779,Mike,Jones,744-792-7092,mike.jones@hotmail.com,62
11493,Daniel,Wilson,588-441-9859,daniel.wilson@yahoo.com,28
29235,Laura,Taylor,289-350-8266,laura.taylor@yahoo.com,53
35490,Katie,Taylor,886-947-9546,katie.taylor@yahoo.com,33
81061,John,Miller,430-773-1671,john.miller@hotmail.com,61
92321,Mike,Jones,815-471-6320,mike.jones@gmail.com,96
33111,Jane,Johnson,374-972-7050,jane.johnson@outlook.com,86
92655,Mike,Miller,158-708-6361,mike.miller@outlook.com,47
77775,Katie,Brown,285-665-3166,katie.brown@yahoo.com,5
13889,Chris,Johnson,528-451-5307,chris.johnson@hotmail.com,37
63330,John,Johnson,576-378-5758,john.johnson@outlook.com,70
10250,Katie,Smith,217-236-8150,katie.smith@yahoo.com,79
25491,Daniel,Jones,801-237-2729,daniel.jones@yahoo.com,71
40463,Chris,Brown,531-691-7900,chris.brown@yahoo.com,53
65657,Laura,Davis,339-944-6103,laura.davis@yahoo.com,51
10377,Jane,Johnson,631-876-1280,jane.johnson@yahoo.com,35
50614,Laura,Taylor,586-647-6141,laura.taylor@outlook.com,40
69515,Jane,Taylor,733-410-3088,jane.taylor@hotmail.com,57
15684,Katie,Wilson,753-219-6162,katie.wilson@gmail.com,55
84707,John,Jones,475-296-3510,john.jones@hotmail.com,30
54742,Alex,Jones,389-958-1561,alex.jones@outlook.com,100
30082,Daniel,Smith,202-214-4123,daniel.smith@yahoo.com,57
98277,Emily,Davis,429-808-6860,emily.davis@outlook.com,30
13777,Daniel,Smith,242-748-6007,daniel.smith@yahoo.com,69
46426,John,Williams,201-649-6611,john.williams@outlook.com,27
81103,John,Brown,725-207-1184,john.brown@hotmail.com,73
65803,Laura,Brown,436-691-8183,laura.brown@yahoo.com,67
17011,Jane,Smith,146-812-6158,jane.smith@hotmail.com,26
95579,Jane,Wilson,155-674-9219,jane.wilson@hotmail.com,62
36198,Alex,Wilson,488-389-4983,alex.wilson@yahoo.com,16
74692,Daniel,Davis,443-525-6912,daniel.davis@outlook.com,75
90781,John,Moore,125-613-2738,john.moore@yahoo.com,20
62108,Emily,Jones,395-850-3909,emily.jones@gmail.com,38
75880,Emily,Miller,523-499-5256,emily.miller@outlook.com,7
16938,Daniel,Williams,484-447-8350,daniel.williams@outlook.com,61
30094,Daniel,Miller,333-464-2679,daniel.miller@yahoo.com,12
20885,Katie,Davis,836-947-7683,katie.davis@yahoo.com,57
67055,Laura,Williams,913-627-2959,laura.williams@yahoo.com,43
13962,Mike,Johnson,681-734-8080,mike.johnson@outlook.com,25
99869,Katie,Moore,532-149-6428,katie.moore@outlook.com,55
23072,Sarah,Brown,479-346-3061,sarah.brown@yahoo.com,55
54885,Daniel,Johnson,807-420-1369,daniel.johnson@outlook.com,5
98223,Katie,Moore,988-131-9071,katie.moore@outlook.com,3
69265,Sarah,Miller,595-793-1038,sarah.miller@yahoo.com,43
91238,Alex,Brown,221-426-8594,alex.brown@yahoo.com,77
34802,Chris,Johnson,232-246-5475,chris.johnson@hotmail.com,21
53321,Jane,Moore,356-488-3785,jane.moore@gmail.com,84
64262,Katie,Smith,989-452-4801,katie.smith@outlook.com,60
38148,John,Williams,355-261-3359,john.williams@gmail.com,65
95511,Daniel,Brown,785-102-3658,daniel.brown@yahoo.com,27
66566,Katie,Moore,409-682-1367,katie.moore@outlook.com,9
21975,Chris,Wilson,356-524-7674,chris.wilson@gmail.com,91
54392,Sarah,Davis,775-925-3239,sarah.davis@yahoo.com,49
32348,Emily,Smith,506-889-8313,emily.smith@yahoo.com,75
27820,Mike,Moore,474-712-5830,mike.moore@yahoo.com,84
95507,Jane,Wilson,576-953-2389,jane.wilson@outlook.com,79
60215,Katie,Taylor,188-832-3718,katie.taylor@hotmail.com,97
38536,Laura,Johnson,946-747-5918,laura.johnson@hotmail.com,30
25861,Katie,Smith,712-124-5739,katie.smith@outlook.com,1
81379,Mike,Davis,944-184-4023,mike.davis@outlook.com,13
63615,Emily,Williams,752-354-4441,emily.williams@outlook.com,57
88261,Chris,Davis,804-385-7448,chris.davis@outlook.com,77
67025,Sarah,Brown,317-890-3828,sarah.brown@outlook.com,2
40875,Katie,Johnson,846-774-4927,katie.johnson@yahoo.com,72
51938,Mike,Moore,276-923-8091,mike.moore@hotmail.com,65
29531,Sarah,Davis,440-698-2264,sarah.davis@gmail.com,97
65531,Laura,Jones,404-669-2481,laura.jones@gmail.com,44
72098,Chris,Miller,885-516-9752,chris.miller@hotmail.com,46
67873,Mike,Smith,819-850-1427,mike.smith@gmail.com,99
56853,John,Davis,460-470-6641,john.davis@yahoo.com,100
38304,Laura,Moore,466-364-8291,laura.moore@hotmail.com,37
90312,Jane,Wilson,307-253-9304,jane.wilson@outlook.com,11
88990,Katie,Jones,718-903-2882,katie.jones@hotmail.com,57
84478,Laura,Wilson,549-953-6535,laura.wilson@hotmail.com,1
58379,Sarah,Wilson,239-946-3877,sarah.wilson@outlook.com,37
45365,Sarah,Smith,742-583-5572,sarah.smith@gmail.com,77
30896,Emily,Miller,142-838-3061,emily.miller@outlook.com,96
42507,Jane,Wilson,348-288-6299,jane.wilson@hotmail.com,75
32087,Sarah,Moore,304-800-7195,sarah.moore@gmail.com,20
41874,Daniel,Davis,967-899-6425,daniel.davis@hotmail.com,92
