building_id,state,area,income_level,criminal_rate_level
51,New Jersey,Jersey City,4.8,3.8
30,New Jersey,Newark,2.0,2.8
50,Connecticut,Hartford,2.8,2.3
1,New York,Bronx,1.1,3.5
78,New York,Queens,2.8,4.5
75,New York,Bronx,3.4,2.6
86,New York,Manhattan,5.0,2.8
87,New York,Staten Island,3.0,1.5
2,New York,Queens,1.4,0.6
42,New Jersey,Paterson,4.7,1.0
73,New York,Bronx,4.9,4.8
85,New Jersey,Clifton,4.4,2.3
63,New York,Bronx,4.0,1.6
93,Connecticut,Stamford,4.1,5.0
74,Connecticut,Waterbury,4.3,4.5
78,New York,Staten Island,4.7,1.8
87,New York,Staten Island,4.6,0.3
71,Connecticut,Hartford,2.7,3.9
33,New York,Bronx,2.3,1.7
81,New Jersey,Jersey City,1.2,1.3
13,New Jersey,Elizabeth,2.2,3.3
99,New Jersey,Jersey City,4.0,0.9
55,New York,Manhattan,4.4,1.0
48,New Jersey,Newark,4.0,4.0
49,Connecticut,Waterbury,3.1,3.7
84,Connecticut,Stamford,1.9,2.1
79,New York,Manhattan,4.4,3.3
3,New Jersey,Elizabeth,3.9,0.3
49,Connecticut,New Haven,3.1,3.5
75,New York,Brooklyn,3.4,4.6
39,New York,Staten Island,4.9,3.3
11,New York,Manhattan,1.7,3.9
15,Connecticut,New Haven,1.5,4.5
7,New York,Manhattan,1.6,4.2
34,New Jersey,Jersey City,3.1,3.2
82,New York,Staten Island,3.3,0.3
40,New York,Manhattan,2.2,4.3
67,New York,Brooklyn,4.6,3.3
59,Connecticut,New Haven,4.8,0.5
29,New Jersey,Paterson,2.3,4.0
69,New York,Brooklyn,1.6,3.9
92,Connecticut,Bridgeport,1.8,2.7
78,Connecticut,Waterbury,3.2,1.3
58,New York,Staten Island,2.8,3.9
49,New York,Manhattan,3.1,1.4
1,New Jersey,Elizabeth,4.3,3.8
76,Connecticut,Stamford,4.5,1.2
52,New York,Queens,2.5,2.1
83,New York,Queens,3.6,4.6
33,New York,Staten Island,1.9,2.7
57,Connecticut,New Haven,4.2,0.9
16,New York,Brooklyn,1.1,4.0
94,New York,Bronx,2.0,3.6
44,New York,Manhattan,3.6,2.3
10,New York,Staten Island,2.8,4.9
87,New Jersey,Clifton,1.2,4.9
24,New Jersey,Jersey City,3.3,0.2
29,Connecticut,Waterbury,2.3,3.2
49,New Jersey,Clifton,3.4,2.2
19,Connecticut,New Haven,2.4,4.0
91,Connecticut,Hartford,3.5,0.1
98,Connecticut,Stamford,1.1,3.8
88,New York,Brooklyn,3.7,0.7
56,Connecticut,Hartford,1.7,0.0
94,New York,Staten Island,2.1,4.3
75,Connecticut,New Haven,3.6,4.4
46,New Jersey,Newark,2.1,3.7
53,New Jersey,Newark,3.2,1.1
51,New Jersey,Clifton,1.9,4.4
78,New Jersey,Clifton,3.9,2.3
48,New Jersey,Newark,4.0,1.6
95,New York,Brooklyn,1.6,3.4
74,Connecticut,Waterbury,3.8,3.9
53,Connecticut,Stamford,1.8,4.2
39,New York,Queens,1.9,2.6
28,Connecticut,Stamford,1.8,0.7
74,New York,Queens,4.3,0.6
41,New York,Staten Island,2.2,3.5
40,Connecticut,Bridgeport,1.4,3.9
6,New Jersey,Newark,1.3,3.2
95,New York,Manhattan,2.2,3.6
55,Connecticut,New Haven,2.0,0.4
22,New York,Brooklyn,1.8,1.7
22,New York,Brooklyn,2.0,4.0
43,New Jersey,Jersey City,1.4,1.9
34,New York,Queens,2.0,1.8
16,Connecticut,New Haven,3.4,1.0
95,New Jersey,Paterson,2.9,4.1
72,New Jersey,Elizabeth,3.3,1.9
39,New Jersey,Newark,2.8,0.7
43,Connecticut,Stamford,2.1,1.3
85,Connecticut,Waterbury,4.2,2.9
13,New York,Bronx,1.2,3.9
63,Connecticut,Bridgeport,2.4,3.2
86,New York,Bronx,4.9,3.1
12,New York,Queens,2.6,0.8
82,New York,Staten Island,1.8,4.7
83,Connecticut,Bridgeport,1.4,2.5
15,New York,Queens,3.9,4.2
29,New York,Bronx,4.3,1.4
