employee_id,first_name,last_name,department,position,contact_info,office_id
1,John,Brown,Sales,Sales Manager,131-446-8068,3
2,John,Wilson,Sales,Sales Assistant,930-154-7804,3
3,Daniel,Johnson,Sales,Sales Manager,999-218-2163,3
4,Emily,Taylor,Finance,Financial Analyst,648-693-2883,1
5,Alex,Moore,Sales,Sales Representative,907-256-5167,3
6,Katie,Taylor,Sales,Sales Manager,312-889-1118,3
7,Daniel,Smith,Sales,Sales Manager,250-408-2059,3
8,Alex,Williams,Sales,Sales Assistant,561-377-3464,1
9,Alex,Smith,Sales,Sales Assistant,133-722-3342,2
10,Chris,Miller,Sales,Sales Representative,679-807-3530,2
11,Daniel,Moore,Sales,Sales Manager,928-379-7055,1
12,Laura,Johnson,Sales,Sales Assistant,675-669-9866,2
13,Laura,Brown,Sales,Sales Manager,752-413-5532,1
14,Katie,Brown,Sales,Sales Representative,185-196-7386,3
15,Chris,Wilson,Sales,Sales Assistant,969-959-5564,1
16,Alex,Johnson,Sales,Sales Manager,307-944-1895,1
17,Laura,Moore,Operations,Operations Manager,619-414-9984,1
18,Emily,Williams,Operations,Operations Manager,356-168-8328,1
19,Alex,Davis,Marketing,Marketing Coordinator,322-983-6438,1
20,John,Williams,Sales,Sales Manager,899-714-3233,1
21,Chris,Johnson,Sales,Sales Assistant,278-847-1089,1
22,Laura,Taylor,Sales,Sales Assistant,695-808-5929,3
23,Katie,Moore,Operations,Operations Manager,917-392-5263,1
24,Daniel,Wilson,Marketing,Marketing Coordinator,320-583-6466,2
25,Jane,Davis,Sales,Sales Representative,366-388-3557,3
26,Daniel,Taylor,Sales,Sales Manager,858-378-8660,3
27,Mike,Davis,Sales,Sales Representative,335-306-4269,1
28,Mike,Jones,Sales,Sales Representative,978-944-7873,1
29,Sarah,Smith,Sales,Sales Representative,363-335-2395,2
30,Laura,Davis,Sales,Sales Manager,662-740-6322,3
31,Mike,Wilson,Sales,Sales Assistant,182-393-6392,2
32,Sarah,Miller,Operations,Operations Manager,170-728-5680,1
33,Mike,Brown,Sales,Sales Representative,192-630-3305,3
34,Jane,Moore,Sales,Sales Assistant,929-808-1608,2
35,Laura,Williams,Sales,Sales Representative,371-828-8488,2
36,Sarah,Davis,Sales,Sales Assistant,149-629-8873,3
37,Sarah,Wilson,Sales,Sales Representative,809-993-4917,2
38,Alex,Miller,Sales,Sales Assistant,286-476-2023,2
39,Laura,Miller,Marketing,Marketing Coordinator,886-839-3399,3
40,Jane,Brown,Sales,Sales Representative,695-299-4647,1
41,Laura,Wilson,Sales,Sales Assistant,288-961-5879,2
42,Mike,Taylor,Sales,Sales Representative,426-964-3668,3
43,Jane,Williams,Sales,Sales Manager,986-318-5763,3
44,Daniel,Williams,Sales,Sales Assistant,122-366-5121,3
45,Alex,Brown,Sales,Sales Assistant,518-280-6490,3
46,Jane,Miller,Sales,Sales Assistant,143-713-6655,2
47,Alex,Jones,Sales,Sales Representative,493-170-4642,2
48,John,Smith,Sales,Sales Manager,955-449-3209,2
49,John,Taylor,Sales,Sales Manager,187-831-7879,2
50,Emily,Johnson,Finance,Financial Analyst,320-621-5721,2
51,John,Moore,Sales,Sales Representative,868-943-1025,2
52,Jane,Jones,Sales,Sales Assistant,743-209-9030,1
53,Mike,Moore,Sales,Sales Manager,902-798-7676,1
54,Sarah,Brown,Sales,Sales Representative,394-142-2793,1
55,Mike,Williams,Sales,Sales Manager,529-687-1071,1
56,Sarah,Jones,Marketing,Marketing Coordinator,823-730-3643,2
57,Jane,Wilson,Sales,Sales Manager,805-492-6670,1
58,Katie,Williams,IT,IT Support,676-240-6128,2
59,John,Jones,Sales,Sales Representative,290-295-9144,2
60,Sarah,Williams,Sales,Sales Manager,122-733-6048,1
61,Emily,Jones,Sales,Sales Assistant,123-835-9622,3
62,Jane,Smith,Sales,Sales Representative,975-927-8178,3
63,Alex,Taylor,Sales,Sales Manager,523-155-3279,1
64,Daniel,Brown,Sales,Sales Representative,646-552-9647,2
65,Katie,Johnson,Sales,Sales Manager,915-822-4772,1
66,Daniel,Davis,Sales,Sales Representative,513-129-2393,2
67,Emily,Smith,Sales,Sales Manager,872-757-9349,2
68,Mike,Johnson,Sales,Sales Assistant,907-766-2906,2
69,Emily,Davis,Sales,Sales Assistant,545-758-2488,3
70,Chris,Moore,Sales,Sales Manager,528-630-1086,3
71,Chris,Brown,Sales,Sales Assistant,218-844-8943,3
72,Sarah,Johnson,Sales,Sales Assistant,874-406-4023,2
73,Laura,Smith,Sales,Sales Manager,149-293-1705,2
74,John,Johnson,Marketing,Marketing Coordinator,792-994-3464,2
75,Emily,Moore,Sales,Sales Representative,876-139-2844,3
76,Sarah,Taylor,Sales,Sales Assistant,246-972-3563,3
77,Mike,Smith,Sales,Sales Manager,236-753-3429,1
78,Emily,Wilson,Sales,Sales Assistant,410-969-2505,3
79,Daniel,Miller,Sales,Sales Representative,702-385-6440,3
80,Katie,Jones,Finance,Financial Analyst,117-926-8186,2
81,Chris,Jones,Sales,Sales Representative,563-468-8551,3
82,Chris,Smith,HR,HR Specialist,693-990-5309,2
83,John,Davis,Sales,Sales Representative,475-165-3389,1
84,Katie,Smith,Sales,Sales Representative,149-515-4878,1
85,Katie,Wilson,Sales,Sales Representative,278-715-2025,1
86,Chris,Taylor,Sales,Sales Manager,122-670-4901,3
87,Chris,Davis,Sales,Sales Manager,190-704-5914,3
88,Alex,Wilson,Sales,Sales Manager,204-622-4656,2
89,Mike,Miller,IT,IT Support,501-629-6115,3
90,Daniel,Jones,Sales,Sales Representative,974-302-5556,3
91,Jane,Johnson,Sales,Sales Representative,782-116-2773,1
92,Laura,Jones,Sales,Sales Representative,144-731-9688,3
93,Sarah,Moore,Sales,Sales Assistant,479-740-3913,1
94,Jane,Taylor,IT,IT Support,940-704-8257,2
95,Emily,Brown,Sales,Sales Representative,905-237-8831,3
96,Katie,Miller,Sales,Sales Manager,872-494-2663,1
97,Chris,Williams,Sales,Sales Representative,303-260-5331,3
98,Emily,Miller,IT,IT Support,512-372-5636,3
99,John,Miller,Sales,Sales Representative,502-370-4285,1
100,Katie,Davis,Sales,Sales Assistant,284-417-8904,2