building_id,event_type,event_date,event_time,capacity
13,roof-top party,2023-07-19,10:00 AM,81
74,room tour,2023-11-05,10:00 AM,6
6,holiday theme events,2024-04-30,1:00 PM,75
37,roof-top party,2022-11-07,10:00 AM,77
87,neighborhood tour,2023-07-30,10:00 AM,26
94,roof-top party,2022-10-05,3:00 PM,82
3,room tour,2021-07-14,10:00 AM,7
78,holiday theme events,2020-10-29,5:00 PM,117
34,neighborhood tour,2023-10-21,3:00 PM,18
74,holiday theme events,2022-03-18,1:00 PM,97
100,room tour,2024-07-15,3:00 PM,7
53,roof-top party,2023-07-28,3:00 PM,25
5,neighborhood tour,2023-06-14,1:00 PM,10
20,room tour,2020-10-16,1:00 PM,11
14,roof-top party,2020-12-05,1:00 PM,48
4,neighborhood tour,2024-05-02,3:00 PM,25
15,room tour,2023-04-10,10:00 AM,11
84,neighborhood tour,2020-09-20,3:00 PM,15
79,roof-top party,2022-09-02,3:00 PM,73
35,room tour,2023-10-21,5:00 PM,5
45,neighborhood tour,2022-07-15,5:00 PM,21
98,neighborhood tour,2020-09-06,10:00 AM,18
67,neighborhood tour,2023-07-12,10:00 AM,14
20,holiday theme events,2021-06-04,3:00 PM,63
50,room tour,2021-04-08,3:00 PM,16
13,holiday theme events,2024-03-08,1:00 PM,58
17,holiday theme events,2023-07-09,10:00 AM,50
60,room tour,2021-10-20,3:00 PM,15
99,holiday theme events,2024-01-23,5:00 PM,108
96,holiday theme events,2024-03-06,10:00 AM,87
79,neighborhood tour,2022-12-13,5:00 PM,11
25,holiday theme events,2022-09-28,3:00 PM,121
61,neighborhood tour,2020-11-03,5:00 PM,11
28,room tour,2023-03-01,3:00 PM,5
46,neighborhood tour,2022-10-05,5:00 PM,22
32,neighborhood tour,2021-04-21,5:00 PM,16
77,roof-top party,2023-06-08,1:00 PM,27
74,roof-top party,2021-04-07,10:00 AM,99
59,holiday theme events,2021-08-19,3:00 PM,130
98,neighborhood tour,2024-03-15,1:00 PM,11
66,neighborhood tour,2024-05-22,5:00 PM,23
90,neighborhood tour,2022-06-17,3:00 PM,14
41,roof-top party,2021-07-18,10:00 AM,80
36,roof-top party,2021-04-26,5:00 PM,48
57,neighborhood tour,2021-09-18,10:00 AM,28
42,holiday theme events,2020-09-13,3:00 PM,51
51,room tour,2021-09-12,5:00 PM,7
86,holiday theme events,2021-07-01,5:00 PM,51
78,holiday theme events,2024-04-03,3:00 PM,115
75,neighborhood tour,2022-03-25,10:00 AM,25
6,holiday theme events,2021-11-21,5:00 PM,96
49,neighborhood tour,2021-05-16,3:00 PM,17
74,neighborhood tour,2022-10-27,10:00 AM,22
100,room tour,2023-07-27,1:00 PM,17
55,neighborhood tour,2021-09-22,1:00 PM,25
64,neighborhood tour,2023-12-15,3:00 PM,10
21,room tour,2023-05-06,10:00 AM,12
64,neighborhood tour,2023-07-09,5:00 PM,25
55,room tour,2023-04-17,5:00 PM,17
5,holiday theme events,2021-11-07,5:00 PM,66
40,room tour,2023-10-18,3:00 PM,5
63,roof-top party,2022-02-11,1:00 PM,43
80,roof-top party,2021-03-31,10:00 AM,59
20,roof-top party,2020-08-12,10:00 AM,61
79,holiday theme events,2021-11-01,5:00 PM,111
98,room tour,2021-06-25,1:00 PM,18
78,holiday theme events,2020-09-06,3:00 PM,72
55,room tour,2021-05-07,3:00 PM,12
43,neighborhood tour,2023-09-15,3:00 PM,16
56,room tour,2024-02-08,1:00 PM,18
5,roof-top party,2023-10-27,3:00 PM,89
17,roof-top party,2023-10-27,5:00 PM,30
65,neighborhood tour,2022-02-13,3:00 PM,21
100,room tour,2023-08-21,10:00 AM,20
58,neighborhood tour,2023-03-09,3:00 PM,15
84,room tour,2021-09-10,5:00 PM,5
70,roof-top party,2022-10-01,10:00 AM,100
83,roof-top party,2024-03-07,3:00 PM,21
32,neighborhood tour,2024-04-15,10:00 AM,10
96,neighborhood tour,2023-09-17,3:00 PM,26
42,holiday theme events,2021-11-15,5:00 PM,73
13,neighborhood tour,2024-03-25,1:00 PM,21
17,room tour,2024-02-06,5:00 PM,14
15,roof-top party,2021-06-01,10:00 AM,84
13,neighborhood tour,2022-02-21,3:00 PM,16
95,holiday theme events,2022-03-25,10:00 AM,147
87,neighborhood tour,2022-07-06,5:00 PM,26
34,neighborhood tour,2023-08-16,10:00 AM,29
82,room tour,2022-05-27,5:00 PM,20
22,roof-top party,2021-05-07,3:00 PM,57
80,room tour,2021-04-11,5:00 PM,18
85,neighborhood tour,2023-08-05,1:00 PM,15
78,roof-top party,2020-12-31,5:00 PM,21
82,holiday theme events,2021-10-18,5:00 PM,75
18,roof-top party,2021-06-05,10:00 AM,97
13,room tour,2021-08-27,10:00 AM,10
21,room tour,2022-07-21,5:00 PM,10
3,room tour,2021-06-23,3:00 PM,7
1,roof-top party,2022-05-20,3:00 PM,33
55,roof-top party,2022-05-17,5:00 PM,43
