building_id,owner_name,owner_contact
1,Anna Rojas,beth81@summers.com
2,Jason Garrison,bleblanc@yahoo.com
3,William Harris,vpitts@aguirre.com
4,Luis Smith,kristin64@adams.com
5,James Pope,mccoymarc@oliver.com
6,Andrea Page,hoffmanjeffrey@bowman.info
7,Ana Long,michael97@gmail.com
8,Christopher Frye,michaeloconnell@park.org
9,Lori Martinez,amandanoble@yahoo.com
10,Nancy Mason DVM,victormyers@gmail.com
11,Toni Woods,dclark@herring.biz
12,Karen Stone,andersonbradley@gmail.com
13,Anthony Wyatt,flowerstheresa@yahoo.com
14,Rachel Warner,jamiewallace@miller.com
15,Christine Bender,edwardshannah@kelley.org
16,James Davies,simsmelanie@gmail.com
17,Courtney Williams,brian20@yahoo.com
18,Mario Frank DDS,thomasmcgee@yahoo.com
19,Alexander Williams,johnsonkaren@yahoo.com
20,Steven Kennedy,briannaford@montgomery-hernandez.com
21,Michelle Wilson,bruceburton@turner.com
22,Gilbert Russell,obailey@guerra.org
23,Mr. Patrick Navarro,rhuffman@rodriguez.info
24,Miss Felicia Parker,phillipfrank@davis.org
25,Jesse Wolfe,nunezkendra@hotmail.com
26,Adam Tate,jasmine25@gmail.com
27,David Perez,michael71@yahoo.com
28,Robin Daniels,kevin70@gmail.com
29,Alfred Jones,jennifer62@moore-scott.com
30,Rachel Graham,marshallerin@hotmail.com
31,Lisa Mccarthy,josephhill@gmail.com
32,James Henderson,harrisbrandon@larson.biz
33,Theresa Arnold,tcarson@yahoo.com
34,Cheryl Horton,uhardy@harper.com
35,Rodney Wong,tmitchell@nguyen.com
36,Melanie James,wattsdaniel@johnson.net
37,Angela Oliver,jessicabutler@gmail.com
38,Sheryl Gross,john37@hernandez.com
39,Michael Anderson,johnsonmegan@crane-walker.com
40,Danny Kramer,adammartinez@rice-morris.com
41,Cindy Cook,johnstonsamantha@zuniga-barajas.net
42,Charles Harris,bwilliams@hotmail.com
43,Julie Patel,fullersherry@yahoo.com
44,George Blake,mary40@hotmail.com
45,Stephen Powers,christianscott@yahoo.com
46,David Mccann,shawchristine@hotmail.com
47,Garrett Smith,feliciafoster@blake.org
48,Benjamin Roberts,spetersen@martin.com
49,Allen Williams,samueladams@hotmail.com
50,Theresa Jones,belindaroberts@hotmail.com
51,Angela Barr,sandrapratt@buckley.com
52,Jordan Lewis,tamarajones@gmail.com
53,Maurice Flores,mitchell79@gmail.com
54,Jeffrey Gutierrez,donna64@yahoo.com
55,Cassandra Turner,joshua79@mcbride.org
56,Evan Johnson,smalljohn@jones-green.com
57,Mrs. Tanya Thompson,nstevens@gmail.com
58,Logan Mills,watkinsryan@yahoo.com
59,Allison Medina,gstewart@charles-garza.com
60,Christine Marshall,johnbernard@khan-stanley.info
61,Matthew Turner,gonzalezgary@dominguez.org
62,Christopher Hale,powerstiffany@gmail.com
63,Alan Mays,samantha04@hotmail.com
64,Anthony Wolf,monicapeterson@mcgee-fischer.biz
65,Zachary Taylor,amy68@mitchell.com
66,Charles Richmond,anne39@butler.com
67,Matthew Valdez,mannjason@jordan.com
68,William Boyer,carolrobbins@powell.com
69,Nancy Cox,ywest@yahoo.com
70,Deborah Kirby,sheascott@davis.org
71,Richard Williams,dianewolfe@yahoo.com
72,Mark Fernandez,ashley19@baker.com
73,Judy Foster,lyonscrystal@yahoo.com
74,Michelle Moore,ibowen@gmail.com
75,Matthew Garcia,joannmitchell@howard-allen.com
76,Jessica Williams,andrew67@hotmail.com
77,Carol Barry MD,cbradshaw@anderson-moore.com
78,Joshua Smith,janicefloyd@murphy.org
79,Stephen Davis,katherinepeterson@hotmail.com
80,Sherri Bishop,alexanderderrick@hotmail.com
81,Kevin Phelps,lmartin@hotmail.com
82,Katherine Young,allentina@yahoo.com
83,Michael Bennett,charlotte72@gmail.com
84,Ana Ruiz,shelbyhunter@gmail.com
85,Natalie Garcia,wilsonmark@stewart-smith.com
86,Daniel Luna,tiffanycunningham@yahoo.com
87,Jacob Bell,perkinscourtney@hotmail.com
88,Amanda Anderson,johnsonedgar@smith-holmes.com
89,William Gomez,christopherhart@nguyen.net
90,David Evans,qsmith@gmail.com
91,Dr. Janice Hudson,gordonbryan@roth.com
92,Brian Newman,michael38@hotmail.com
93,Brandy Brown,michael47@gmail.com
94,Donna Butler,lance90@hotmail.com
95,Robert Hines,lisa87@campbell.com
96,Mr. Justin Ferguson,davisnatalie@yahoo.com
97,Lauren Reed,fbush@bean-mooney.info
98,Colton Turner,priceclaudia@gmail.com
99,Karen Waters,anthony68@smith.com
100,Michelle Craig,mikayla39@hotmail.com
