building_id,school_id,school_name,school_rating,school_type
47,76,Marks-Warren,3.6,university
52,55,Hicks-Snyder,4.4,college
13,45,"Kennedy, Day and Fernandez",2.7,college
39,69,"Koch, Morales and Hunt",3.2,university
57,10,Gilbert-Jones,2.2,kindergarten
76,97,"Brown, Olsen and Marquez",3.9,primary school
90,81,Jenkins-Montes,1.1,university
18,24,Jackson-Kelly,1.1,college
19,13,"Willis, Griffith and Sellers",2.8,university
9,45,"Hill, King and Carter",4.8,high school
15,75,"Martinez, Johnson and Barry",2.2,college
100,36,Brown-Davis,4.8,high school
42,79,Reed-Case,4.1,university
15,38,"Russell, Hill and Green",4.8,high school
74,39,Mcguire-Andrade,3.5,primary school
24,44,"Campbell, Martinez and Phillips",4.3,university
87,13,Davis-Davis,1.6,college
21,75,Gibson-Wilson,1.0,university
70,62,Smith Ltd,3.1,college
36,99,Rivas-Aguilar,1.3,primary school
57,82,Baldwin Ltd,4.5,university
61,69,Carpenter PLC,4.1,primary school
57,23,"Richmond, Turner and Mccullough",1.1,kindergarten
38,13,Mason-Lowery,2.2,university
56,54,Hernandez Ltd,1.0,university
80,29,"Wood, Phillips and Conner",4.8,high school
57,15,Weiss Group,2.7,primary school
59,85,Blair-Padilla,1.4,primary school
33,29,Baker Group,3.4,high school
96,91,Robles Inc,4.0,university
94,31,"Wheeler, Jones and Lee",3.0,high school
44,78,"Williams, Wade and Knox",4.6,university
80,28,Powell-Orr,2.5,high school
91,42,Washington-Roberts,3.3,high school
24,49,Thompson-Kelley,1.9,kindergarten
85,88,Goodwin-Smith,3.6,university
48,67,"Garcia, Figueroa and Ballard",3.6,high school
26,97,Hobbs LLC,3.8,high school
37,49,Santiago Ltd,1.5,primary school
65,57,"Collins, Ellison and Jackson",4.2,college
46,34,"Herring, York and Williams",2.2,high school
7,50,Love-Schaefer,3.6,university
10,60,Lopez-Roth,3.2,primary school
8,33,Hale-Miller,3.6,kindergarten
12,95,Cunningham Inc,3.8,kindergarten
32,99,Mosley Group,2.2,university
76,29,Rosales Inc,1.6,college
20,99,Reynolds-Oliver,1.5,high school
67,26,"Webb, Jones and Bishop",4.6,university
15,87,Meadows Ltd,4.5,college
45,15,"Carter, Padilla and Murray",2.0,college
92,33,Tate-Robertson,3.8,primary school
31,72,Woods and Sons,4.7,kindergarten
15,51,"Nelson, Walker and Williams",3.2,college
37,50,Dominguez-Guzman,2.1,high school
97,18,Cantu LLC,2.9,high school
41,70,Shaffer PLC,4.1,kindergarten
93,84,"Orr, Mills and Lloyd",2.5,high school
10,66,Oneill PLC,2.3,primary school
53,39,Payne LLC,1.0,primary school
79,44,Hines PLC,3.7,high school
43,49,Martinez-Sutton,1.3,kindergarten
81,45,Brown Ltd,3.3,primary school
85,54,Hall-Mason,3.0,college
53,37,Moore LLC,3.8,college
19,71,Thompson-Brown,3.3,university
86,93,Parker-Buck,1.1,primary school
80,29,Davis-Blackburn,4.2,primary school
28,71,"Rasmussen, Mathis and Stevens",4.0,primary school
11,68,Butler PLC,3.8,primary school
7,17,"Alexander, Hall and Carter",4.1,college
11,10,"Jordan, Rasmussen and Long",2.8,primary school
76,81,Rice-Campbell,3.5,primary school
2,38,Hill-Sanchez,4.5,college
64,95,Harrell and Sons,4.8,high school
45,62,Davidson-Peters,1.9,primary school
19,82,Thompson-Hale,4.3,primary school
56,73,Koch-Lewis,4.1,kindergarten
96,42,Bennett Ltd,2.0,primary school
28,63,Miller-Black,4.9,kindergarten
4,47,Hardy LLC,1.7,primary school
17,99,"Soto, Carey and Cunningham",3.9,kindergarten
33,10,"Bauer, Hill and Ortiz",2.1,high school
25,20,Butler-Bryant,1.7,high school
51,23,Steele-Miller,4.1,primary school
59,77,Clark-Gray,4.9,primary school
36,45,Hill Group,1.3,high school
19,64,Perez LLC,4.7,kindergarten
34,41,Reid-Perez,1.8,college
51,83,"Pena, Dunn and Jones",1.8,university
79,31,"Cole, Perry and Parker",1.5,college
70,38,"Johnson, King and Clark",3.1,kindergarten
53,90,Wells and Sons,3.3,kindergarten
64,34,Pacheco-Cline,2.3,university
84,96,Martinez-Sims,4.1,primary school
6,48,"Davis, Powell and Wilson",3.6,primary school
3,34,"Whitney, Lynch and Harper",4.6,college
62,71,"Lopez, Herrera and Smith",2.6,college
46,21,"Hernandez, Hudson and Lee",3.7,university
64,13,"Ryan, Turner and Hammond",3.9,high school
